Id,True_Label,Predicted_Class
1,0.0,0
2,0.0,0
3,0.0,0
4,1.0,1
5,1.0,1
6,1.0,0
7,1.0,0
8,2.0,2
9,0.0,1
10,0.0,0
11,1.0,1
12,2.0,2
13,2.0,2
14,1.0,0
15,2.0,2
16,2.0,2
17,0.0,0
18,1.0,0
19,1.0,0
20,2.0,2
21,1.0,2
22,1.0,1
23,2.0,2
24,0.0,0
25,1.0,2
26,2.0,2
27,2.0,2
28,2.0,2
29,1.0,2
30,2.0,2
31,0.0,0
32,2.0,2
33,2.0,2
34,2.0,2
35,0.0,0
36,1.0,1
37,0.0,0
38,0.0,0
39,0.0,0
40,0.0,0
41,0.0,0
42,0.0,0
43,1.0,1
44,1.0,0
45,2.0,1
46,2.0,2
47,0.0,0
48,0.0,0
49,0.0,0
50,0.0,0
51,2.0,2
52,1.0,0
53,2.0,2
54,0.0,0
55,2.0,2
56,0.0,1
57,0.0,1
58,1.0,1
59,2.0,2
60,0.0,0
61,1.0,0
62,2.0,2
63,1.0,1
64,2.0,2
65,2.0,2
66,0.0,0
67,1.0,0
68,1.0,1
69,2.0,2
70,0.0,0
71,0.0,0
72,1.0,1
73,2.0,2
74,2.0,2
75,1.0,1
76,0.0,1
77,0.0,0
78,2.0,2
79,0.0,0
80,1.0,0
81,1.0,1
82,0.0,0
83,1.0,1
84,2.0,2
85,1.0,1
86,2.0,2
87,1.0,1
88,1.0,0
89,0.0,0
90,1.0,1
91,2.0,2
92,0.0,0
93,1.0,0
94,0.0,1
95,0.0,0
96,1.0,1
97,1.0,1
98,1.0,1
99,2.0,2
100,2.0,2
101,1.0,1
102,0.0,0
103,1.0,1
104,0.0,0
105,2.0,2
106,2.0,2
107,1.0,1
108,2.0,2
109,1.0,0
110,0.0,0
111,0.0,0
112,0.0,1
113,0.0,1
114,0.0,0
115,1.0,1
116,2.0,2
117,0.0,0
118,2.0,2
119,1.0,0
120,1.0,1
121,1.0,1
122,1.0,1
123,2.0,1
124,0.0,0
125,2.0,2
126,0.0,0
127,2.0,2
128,2.0,2
129,2.0,2
130,1.0,1
131,1.0,0
132,0.0,1
133,0.0,0
134,2.0,1
135,0.0,1
136,1.0,1
137,0.0,1
138,0.0,0
139,1.0,1
140,2.0,1
141,2.0,2
142,2.0,2
143,0.0,0
144,1.0,1
145,0.0,0
146,2.0,2
147,1.0,1
148,1.0,1
149,2.0,2
150,1.0,0
151,1.0,1
152,2.0,2
153,0.0,0
154,2.0,2
155,2.0,2
156,2.0,2
157,0.0,0
158,0.0,0
159,1.0,1
160,0.0,0
161,2.0,1
162,2.0,1
163,1.0,1
164,0.0,0
165,2.0,1
166,0.0,0
167,1.0,1
168,1.0,1
169,0.0,0
170,0.0,0
171,1.0,1
172,1.0,1
173,1.0,1
174,1.0,1
175,0.0,1
176,1.0,1
177,1.0,1
178,0.0,1
179,2.0,2
180,2.0,2
181,0.0,0
182,1.0,1
183,1.0,1
184,2.0,2
185,0.0,0
186,2.0,2
187,2.0,2
188,2.0,1
189,2.0,2
190,1.0,1
191,1.0,0
192,1.0,2
193,2.0,1
194,1.0,2
195,1.0,1
196,2.0,2
197,0.0,0
198,2.0,2
199,1.0,1
200,1.0,0
201,0.0,1
202,0.0,0
203,2.0,2
204,1.0,1
205,1.0,1
206,1.0,1
207,1.0,1
208,0.0,0
209,0.0,0
210,1.0,0
211,0.0,0
212,1.0,1
213,1.0,1
214,1.0,2
215,1.0,1
216,1.0,2
217,2.0,2
218,1.0,0
219,2.0,2
220,1.0,1
221,2.0,2
222,1.0,1
223,1.0,1
224,1.0,1
225,1.0,1
226,2.0,2
227,0.0,1
228,1.0,1
229,0.0,0
230,0.0,0
231,0.0,0
232,0.0,0
233,2.0,2
234,1.0,1
235,2.0,2
236,2.0,2
237,0.0,0
238,1.0,1
239,1.0,1
240,0.0,0
241,0.0,0
242,0.0,0
243,2.0,2
244,0.0,0
245,1.0,0
246,1.0,1
247,2.0,2
248,0.0,0
249,2.0,2
250,1.0,1
251,1.0,1
252,0.0,0
253,0.0,0
254,1.0,1
255,0.0,0
256,2.0,2
257,1.0,1
258,1.0,0
259,2.0,2
260,2.0,2
261,1.0,1
262,0.0,0
263,1.0,1
264,0.0,0
265,0.0,0
266,0.0,0
267,1.0,1
268,0.0,0
269,2.0,2
270,0.0,0
271,2.0,2
272,2.0,2
273,2.0,2
274,1.0,1
275,2.0,2
276,1.0,1
277,2.0,2
278,2.0,2
279,0.0,0
280,0.0,0
281,0.0,0
282,1.0,1
283,1.0,1
284,2.0,1
285,2.0,2
286,2.0,2
287,2.0,2
288,1.0,1
289,1.0,1
290,1.0,1
291,0.0,0
292,1.0,1
293,2.0,1
294,1.0,1
295,0.0,0
296,2.0,2
297,1.0,1
298,0.0,0
299,1.0,1
300,1.0,1
301,2.0,2
302,1.0,1
303,2.0,2
304,1.0,1
305,1.0,1
306,0.0,0
307,1.0,1
308,0.0,0
309,1.0,1
310,0.0,0
311,1.0,1
312,2.0,1
313,0.0,0
314,0.0,1
315,1.0,0
316,0.0,0
317,1.0,0
318,0.0,0
319,0.0,0
320,2.0,2
321,1.0,1
322,1.0,1
323,2.0,2
324,1.0,1
325,2.0,2
326,1.0,1
327,0.0,0
328,2.0,2
329,1.0,1
330,1.0,0
331,1.0,1
332,1.0,1
333,2.0,2
334,0.0,0
335,0.0,0
336,1.0,0
337,1.0,2
338,2.0,2
339,1.0,1
340,2.0,2
341,1.0,1
342,1.0,1
343,1.0,1
344,0.0,0
345,2.0,2
346,1.0,1
347,0.0,0
348,2.0,1
349,1.0,1
350,0.0,0
351,2.0,2
352,2.0,2
353,0.0,0
354,2.0,2
355,0.0,0
356,1.0,1
357,1.0,0
358,1.0,1
359,2.0,2
360,2.0,2
361,1.0,1
362,1.0,1
363,0.0,0
364,2.0,2
365,2.0,1
366,0.0,0
367,1.0,0
368,1.0,0
369,1.0,0
370,0.0,0
371,0.0,0
372,1.0,0
373,2.0,2
374,1.0,1
375,1.0,1
376,1.0,1
377,1.0,1
378,1.0,0
379,1.0,1
380,1.0,1
381,1.0,1
382,0.0,0
383,1.0,1
384,1.0,1
385,2.0,2
386,0.0,0
387,1.0,1
388,1.0,1
389,0.0,0
390,1.0,1
391,2.0,2
392,0.0,0
393,2.0,1
394,2.0,2
395,2.0,2
396,1.0,1
397,0.0,0
398,1.0,1
399,0.0,1
400,0.0,0
401,1.0,0
402,0.0,0
403,2.0,2
404,0.0,0
405,0.0,0
406,0.0,0
407,0.0,0
408,2.0,2
409,2.0,2
410,1.0,1
411,0.0,0
412,0.0,0
413,0.0,1
414,0.0,0
415,2.0,1
416,0.0,0
417,2.0,2
418,1.0,1
419,0.0,1
420,0.0,0
421,1.0,1
422,1.0,2
423,0.0,0
424,1.0,1
425,0.0,0
426,0.0,0
427,2.0,2
428,1.0,1
429,1.0,2
430,2.0,2
431,2.0,2
432,1.0,1
433,2.0,1
434,0.0,0
435,2.0,2
436,0.0,0
437,1.0,1
438,1.0,1
439,1.0,2
440,1.0,0
441,2.0,2
442,1.0,1
443,2.0,2
444,2.0,2
445,1.0,1
446,2.0,2
447,2.0,2
448,0.0,0
449,0.0,0
450,0.0,0
451,0.0,0
452,0.0,0
453,2.0,2
454,0.0,0
455,0.0,0
456,1.0,1
457,2.0,2
458,0.0,0
459,2.0,2
460,2.0,2
461,0.0,0
462,1.0,1
463,0.0,0
464,2.0,2
465,1.0,1
466,1.0,0
467,1.0,1
468,0.0,0
469,0.0,0
470,0.0,0
471,2.0,2
472,2.0,2
473,2.0,2
474,0.0,0
475,1.0,1
476,1.0,2
477,0.0,0
478,0.0,0
479,2.0,2
480,1.0,0
481,2.0,2
482,2.0,2
483,1.0,1
484,2.0,2
485,0.0,1
486,1.0,1
487,2.0,2
488,2.0,2
489,2.0,2
490,0.0,0
491,0.0,0
492,2.0,2
493,1.0,1
494,0.0,0
495,0.0,0
496,1.0,1
497,1.0,2
498,1.0,1
499,1.0,1
500,2.0,2
501,1.0,1
502,2.0,2
503,0.0,0
504,1.0,0
505,0.0,0
506,1.0,1
507,0.0,1
508,2.0,2
509,1.0,1
510,0.0,0
511,2.0,1
512,0.0,0
513,0.0,0
514,2.0,2
515,2.0,2
516,0.0,0
517,0.0,0
518,1.0,1
519,0.0,0
520,0.0,0
521,1.0,1
522,2.0,2
523,0.0,0
524,1.0,1
525,0.0,0
526,1.0,1
527,2.0,2
528,0.0,0
529,2.0,2
530,1.0,1
531,0.0,0
532,1.0,1
533,2.0,2
534,0.0,0
535,2.0,1
536,1.0,0
537,1.0,1
538,0.0,0
539,2.0,0
540,0.0,1
541,0.0,0
542,0.0,0
543,2.0,2
544,1.0,1
545,2.0,2
546,2.0,2
547,0.0,2
548,2.0,2
549,2.0,2
550,0.0,0
551,0.0,0
552,2.0,2
553,2.0,2
554,0.0,0
555,2.0,2
556,1.0,0
557,1.0,1
558,1.0,1
559,0.0,0
560,2.0,2
561,1.0,2
562,0.0,0
563,1.0,1
564,2.0,2
565,2.0,2
566,1.0,0
567,2.0,2
568,0.0,0
569,2.0,2
570,1.0,1
571,2.0,2
572,1.0,1
573,0.0,1
574,0.0,0
575,0.0,0
576,0.0,0
577,2.0,2
578,1.0,0
579,0.0,0
580,1.0,1
581,0.0,0
582,2.0,2
583,0.0,0
584,0.0,0
585,0.0,0
586,2.0,2
587,0.0,0
588,0.0,0
589,0.0,0
590,2.0,2
591,1.0,1
592,2.0,2
593,0.0,0
594,2.0,2
595,0.0,0
596,1.0,2
597,0.0,0
598,1.0,1
599,1.0,1
600,2.0,2
601,1.0,1
602,0.0,0
603,1.0,1
604,2.0,2
605,1.0,1
606,1.0,1
607,1.0,1
608,1.0,1
609,0.0,0
610,0.0,0
611,2.0,2
612,0.0,0
613,1.0,0
614,2.0,2
615,2.0,2
616,2.0,2
617,1.0,1
618,1.0,1
619,1.0,1
620,2.0,2
621,2.0,2
622,2.0,2
623,2.0,2
624,2.0,2
625,0.0,0
626,0.0,0
627,1.0,1
628,1.0,1
629,0.0,0
630,2.0,2
631,2.0,2
632,1.0,0
633,0.0,0
634,0.0,0
635,0.0,1
636,1.0,1
637,2.0,2
638,1.0,1
639,0.0,0
640,1.0,1
641,2.0,2
642,0.0,0
643,2.0,2
644,0.0,0
645,1.0,0
646,0.0,0
647,0.0,0
648,2.0,2
649,1.0,2
650,0.0,0
651,1.0,1
652,1.0,2
653,0.0,0
654,2.0,2
655,0.0,1
656,0.0,0
657,2.0,2
658,1.0,1
659,0.0,0
660,2.0,1
661,1.0,1
662,2.0,2
663,1.0,1
664,2.0,2
665,1.0,1
666,0.0,0
667,0.0,0
668,0.0,0
669,2.0,2
670,2.0,2
671,1.0,1
672,2.0,2
673,1.0,0
674,0.0,0
675,0.0,0
676,0.0,0
677,0.0,0
678,1.0,0
679,2.0,2
680,1.0,1
681,2.0,2
682,2.0,2
683,0.0,0
684,1.0,1
685,0.0,0
686,0.0,0
687,2.0,2
688,1.0,1
689,1.0,1
690,1.0,1
691,0.0,1
692,2.0,2
693,0.0,1
694,2.0,2
695,1.0,1
696,2.0,2
697,2.0,2
698,1.0,1
699,0.0,0
700,0.0,0
701,0.0,0
702,2.0,2
703,2.0,2
704,0.0,0
705,2.0,2
706,2.0,2
707,1.0,1
708,2.0,2
709,0.0,0
710,1.0,1
711,2.0,2
712,2.0,2
713,0.0,0
714,1.0,1
715,1.0,1
716,2.0,2
717,1.0,1
718,0.0,1
719,2.0,2
720,0.0,0
721,1.0,0
722,1.0,0
723,2.0,2
724,0.0,0
725,0.0,0
726,1.0,1
727,1.0,1
728,2.0,2
729,0.0,0
730,0.0,0
731,2.0,2
732,0.0,0
733,1.0,0
734,0.0,0
735,1.0,1
736,1.0,1
737,0.0,0
738,2.0,1
739,0.0,0
740,1.0,0
741,0.0,0
742,1.0,1
743,2.0,2
744,0.0,0
745,2.0,2
746,2.0,1
747,0.0,0
748,2.0,2
749,0.0,0
750,2.0,1
751,0.0,0
752,0.0,1
753,1.0,1
754,2.0,2
755,0.0,1
756,2.0,2
757,1.0,1
758,1.0,1
759,1.0,1
760,1.0,0
761,2.0,2
762,1.0,1
763,2.0,2
764,0.0,1
765,0.0,0
766,1.0,1
767,2.0,2
768,0.0,0
769,1.0,1
770,1.0,0
771,2.0,2
772,0.0,0
773,1.0,1
774,2.0,1
775,0.0,0
776,2.0,2
777,0.0,0
778,2.0,1
779,2.0,2
780,1.0,1
781,2.0,2
782,2.0,2
783,2.0,2
784,0.0,0
785,1.0,1
786,1.0,2
787,0.0,0
788,2.0,2
789,2.0,2
790,1.0,0
791,2.0,2
792,0.0,0
793,1.0,1
794,2.0,2
795,1.0,0
796,0.0,0
797,1.0,1
798,0.0,0
799,0.0,0
800,2.0,2
801,1.0,1
802,1.0,1
803,2.0,1
804,0.0,0
805,1.0,1
806,0.0,1
807,0.0,0
808,0.0,0
809,1.0,1
810,1.0,1
811,0.0,0
812,2.0,1
813,2.0,2
814,2.0,2
815,2.0,2
816,2.0,2
817,2.0,2
818,1.0,1
819,1.0,1
820,0.0,0
821,2.0,2
822,0.0,0
823,1.0,1
824,2.0,2
825,1.0,1
826,2.0,2
827,2.0,2
828,1.0,1
829,0.0,0
830,1.0,0
831,2.0,2
832,1.0,0
833,0.0,0
834,1.0,1
835,1.0,1
836,1.0,1
837,2.0,2
838,1.0,2
839,2.0,2
840,0.0,0
841,2.0,2
842,2.0,2
843,2.0,2
844,0.0,0
845,0.0,0
846,2.0,2
847,2.0,0
848,2.0,2
849,2.0,2
850,1.0,1
851,2.0,2
852,2.0,1
853,0.0,0
854,1.0,0
855,1.0,0
856,1.0,1
857,2.0,2
858,1.0,0
859,1.0,1
860,2.0,2
861,0.0,0
862,1.0,1
863,2.0,2
864,2.0,2
865,1.0,2
866,1.0,1
867,1.0,1
868,2.0,2
869,1.0,1
870,1.0,1
871,1.0,1
872,0.0,0
873,2.0,2
874,0.0,0
875,0.0,0
876,2.0,2
877,2.0,2
878,0.0,0
879,0.0,0
880,2.0,2
881,2.0,2
882,0.0,1
883,0.0,0
884,2.0,2
885,2.0,2
886,2.0,2
887,2.0,0
888,0.0,1
889,0.0,0
890,2.0,2
891,0.0,0
892,0.0,0
893,1.0,1
894,2.0,2
895,1.0,1
896,2.0,2
897,0.0,0
898,2.0,2
899,1.0,0
900,0.0,0
901,0.0,0
902,0.0,0
903,2.0,2
904,0.0,0
905,0.0,0
906,2.0,2
907,2.0,2
908,1.0,1
909,1.0,1
910,0.0,0
911,1.0,1
912,1.0,0
913,0.0,0
914,2.0,2
915,1.0,0
916,2.0,2
917,1.0,1
918,0.0,0
919,0.0,0
920,2.0,2
921,1.0,1
922,1.0,0
923,2.0,2
924,0.0,0
925,1.0,1
926,0.0,0
927,1.0,1
928,2.0,2
929,2.0,2
930,1.0,0
931,0.0,0
932,2.0,2
933,0.0,1
934,2.0,2
935,2.0,2
936,2.0,2
937,1.0,1
938,2.0,2
939,0.0,1
940,0.0,0
941,0.0,0
942,1.0,1
943,0.0,0
944,1.0,1
945,0.0,1
946,1.0,1
947,2.0,2
948,0.0,0
949,2.0,2
950,1.0,1
951,1.0,0
952,2.0,2
953,2.0,2
954,2.0,2
955,0.0,0
956,2.0,2
957,2.0,2
958,0.0,0
959,0.0,0
960,2.0,2
961,0.0,0
962,1.0,2
963,1.0,1
964,0.0,0
965,0.0,0
966,0.0,0
967,1.0,1
968,0.0,0
969,1.0,1
970,2.0,2
971,1.0,1
972,0.0,1
973,1.0,1
974,0.0,0
975,2.0,2
976,0.0,0
977,1.0,1
978,0.0,1
979,2.0,2
980,2.0,2
981,1.0,1
982,1.0,1
983,0.0,0
984,2.0,2
985,1.0,1
986,2.0,2
987,1.0,1
988,2.0,2
989,0.0,0
990,2.0,2
991,1.0,1
992,2.0,2
993,1.0,1
994,0.0,0
995,0.0,0
996,2.0,2
997,2.0,2
998,2.0,2
999,2.0,2
1000,1.0,1
1001,0.0,0
1002,1.0,1
1003,2.0,2
1004,2.0,2
1005,0.0,0
1006,1.0,1
1007,2.0,2
1008,0.0,0
1009,0.0,0
1010,2.0,2
1011,2.0,2
1012,0.0,0
1013,0.0,0
1014,0.0,0
1015,0.0,0
1016,0.0,1
1017,0.0,0
1018,1.0,1
1019,0.0,0
1020,2.0,2
1021,1.0,1
1022,1.0,1
1023,1.0,1
1024,0.0,1
1025,2.0,2
1026,2.0,1
1027,2.0,2
1028,1.0,1
1029,1.0,0
1030,1.0,0
1031,1.0,1
1032,1.0,1
1033,2.0,2
1034,1.0,1
1035,1.0,1
1036,0.0,0
1037,2.0,2
1038,2.0,2
1039,0.0,0
1040,0.0,0
1041,1.0,1
1042,2.0,2
1043,2.0,2
1044,1.0,1
1045,1.0,1
1046,0.0,0
1047,2.0,2
1048,2.0,2
1049,0.0,0
1050,0.0,0
1051,2.0,2
1052,0.0,0
1053,0.0,0
1054,1.0,0
1055,2.0,2
1056,0.0,0
1057,2.0,2
1058,0.0,0
1059,2.0,2
1060,1.0,1
1061,0.0,0
1062,0.0,0
1063,0.0,0
1064,1.0,1
1065,1.0,0
1066,1.0,1
1067,2.0,2
1068,2.0,1
1069,0.0,0
1070,0.0,0
1071,1.0,1
1072,1.0,1
1073,1.0,1
1074,2.0,2
1075,1.0,1
1076,0.0,0
1077,1.0,1
1078,0.0,0
1079,1.0,0
1080,0.0,0
1081,2.0,2
1082,0.0,0
1083,1.0,2
1084,1.0,1
1085,0.0,0
1086,1.0,1
1087,1.0,1
1088,1.0,1
1089,2.0,2
1090,0.0,0
1091,1.0,1
1092,1.0,1
1093,1.0,1
1094,2.0,2
1095,0.0,0
1096,0.0,0
1097,0.0,0
1098,0.0,0
1099,2.0,2
1100,1.0,0
1101,2.0,2
1102,0.0,0
1103,2.0,2
1104,2.0,1
1105,1.0,0
1106,0.0,1
1107,0.0,1
1108,0.0,0
1109,2.0,2
1110,1.0,1
1111,0.0,0
1112,2.0,2
1113,1.0,1
1114,0.0,0
1115,2.0,2
1116,2.0,2
1117,2.0,2
1118,0.0,1
1119,2.0,2
1120,1.0,0
1121,2.0,2
1122,0.0,1
1123,0.0,0
1124,1.0,1
1125,0.0,0
1126,2.0,2
1127,2.0,2
1128,0.0,0
1129,2.0,2
1130,1.0,2
1131,1.0,1
1132,0.0,0
1133,1.0,2
1134,1.0,1
1135,2.0,1
1136,2.0,2
1137,2.0,2
1138,2.0,2
1139,0.0,0
1140,1.0,1
1141,2.0,2
1142,1.0,1
1143,1.0,1
1144,2.0,2
1145,2.0,2
1146,2.0,2
1147,2.0,2
1148,0.0,0
1149,0.0,0
1150,0.0,1
1151,2.0,2
1152,1.0,0
1153,0.0,0
1154,2.0,2
1155,1.0,1
1156,0.0,0
1157,0.0,0
1158,2.0,2
1159,1.0,1
1160,2.0,2
1161,2.0,2
1162,1.0,0
1163,2.0,2
1164,0.0,0
1165,1.0,1
1166,2.0,2
1167,1.0,1
1168,1.0,1
1169,2.0,1
1170,2.0,2
1171,2.0,2
1172,1.0,0
1173,2.0,2
1174,1.0,0
1175,0.0,0
1176,1.0,1
1177,2.0,2
1178,2.0,2
1179,2.0,1
1180,1.0,1
1181,0.0,1
1182,1.0,1
1183,0.0,0
1184,1.0,0
1185,2.0,2
1186,2.0,2
1187,2.0,2
1188,0.0,0
1189,2.0,2
1190,0.0,0
1191,0.0,0
1192,2.0,2
1193,2.0,2
1194,2.0,2
1195,2.0,2
1196,1.0,1
1197,2.0,2
1198,0.0,0
1199,2.0,2
1200,0.0,0
1201,0.0,0
1202,1.0,1
1203,1.0,2
1204,0.0,0
1205,1.0,0
1206,0.0,0
1207,0.0,0
1208,0.0,0
1209,1.0,0
1210,0.0,0
1211,0.0,0
1212,2.0,2
1213,1.0,1
1214,0.0,0
1215,2.0,2
1216,1.0,1
1217,0.0,0
1218,2.0,2
1219,0.0,0
1220,2.0,2
1221,1.0,1
1222,1.0,1
1223,1.0,1
1224,2.0,2
1225,2.0,2
1226,2.0,2
1227,2.0,2
1228,1.0,1
1229,0.0,0
1230,0.0,0
1231,2.0,1
1232,2.0,2
1233,0.0,0
1234,2.0,2
1235,1.0,0
1236,1.0,1
1237,2.0,2
1238,1.0,2
1239,0.0,0
1240,2.0,2
1241,0.0,0
1242,0.0,0
1243,1.0,1
1244,2.0,2
1245,2.0,2
1246,2.0,2
1247,0.0,0
1248,1.0,0
1249,2.0,2
1250,0.0,0
1251,0.0,0
1252,1.0,1
1253,1.0,1
1254,1.0,1
1255,1.0,1
1256,2.0,1
1257,2.0,2
1258,1.0,1
1259,0.0,0
1260,0.0,0
1261,1.0,1
1262,1.0,1
1263,0.0,0
1264,2.0,2
1265,2.0,2
1266,0.0,0
1267,0.0,0
1268,2.0,2
1269,1.0,1
1270,1.0,1
1271,2.0,2
1272,0.0,0
1273,0.0,0
1274,2.0,2
1275,1.0,1
1276,1.0,1
1277,1.0,1
1278,1.0,1
1279,0.0,0
1280,0.0,0
1281,2.0,2
1282,1.0,1
1283,1.0,0
1284,2.0,2
1285,1.0,0
1286,2.0,1
1287,0.0,0
1288,2.0,2
1289,2.0,2
1290,1.0,1
1291,1.0,1
1292,1.0,1
1293,0.0,0
1294,1.0,1
1295,2.0,2
1296,1.0,1
1297,1.0,1
1298,1.0,1
1299,0.0,0
1300,2.0,2
1301,0.0,0
1302,2.0,2
1303,1.0,1
1304,2.0,2
1305,0.0,0
1306,2.0,2
1307,1.0,1
1308,0.0,0
1309,2.0,2
1310,1.0,1
1311,1.0,0
1312,0.0,0
1313,0.0,0
1314,1.0,1
1315,0.0,0
1316,2.0,2
1317,1.0,1
1318,0.0,0
1319,0.0,0
1320,0.0,0
1321,2.0,1
1322,2.0,2
1323,0.0,0
1324,0.0,0
1325,2.0,2
1326,1.0,2
1327,1.0,1
1328,2.0,2
1329,2.0,2
1330,2.0,2
1331,0.0,0
1332,0.0,0
1333,0.0,0
1334,0.0,1
1335,1.0,1
1336,0.0,0
1337,0.0,0
1338,0.0,0
1339,0.0,0
1340,0.0,0
1341,0.0,0
1342,2.0,2
1343,1.0,1
1344,2.0,2
1345,1.0,1
1346,1.0,1
1347,2.0,2
1348,2.0,2
1349,0.0,0
1350,0.0,0
1351,1.0,1
1352,1.0,2
1353,2.0,2
1354,1.0,1
1355,2.0,2
1356,2.0,2
1357,0.0,0
1358,2.0,2
1359,0.0,0
1360,2.0,2
1361,2.0,2
1362,2.0,2
1363,0.0,0
1364,0.0,1
1365,0.0,1
1366,1.0,1
1367,1.0,1
1368,2.0,2
1369,2.0,2
1370,0.0,0
1371,1.0,1
1372,0.0,1
1373,1.0,1
1374,2.0,2
1375,0.0,0
1376,0.0,0
1377,1.0,1
1378,1.0,0
1379,0.0,0
1380,1.0,0
1381,0.0,0
1382,2.0,1
1383,0.0,0
1384,2.0,2
1385,2.0,2
1386,2.0,2
1387,1.0,1
1388,2.0,2
1389,0.0,0
1390,2.0,2
1391,2.0,2
1392,1.0,1
1393,2.0,2
1394,2.0,2
1395,0.0,0
1396,0.0,0
1397,0.0,0
1398,2.0,2
1399,2.0,2
1400,1.0,1
1401,2.0,2
1402,1.0,0
1403,2.0,2
1404,1.0,1
1405,1.0,1
1406,2.0,1
1407,0.0,0
1408,0.0,0
1409,1.0,1
1410,0.0,0
1411,1.0,1
1412,2.0,1
1413,0.0,0
1414,1.0,1
1415,0.0,0
1416,2.0,2
1417,2.0,2
1418,0.0,0
1419,0.0,1
1420,1.0,1
1421,0.0,0
1422,1.0,1
1423,1.0,1
1424,2.0,2
1425,0.0,0
1426,1.0,1
1427,1.0,1
1428,0.0,0
1429,0.0,0
1430,1.0,0
1431,1.0,1
1432,0.0,0
1433,1.0,0
1434,2.0,2
1435,2.0,2
1436,0.0,0
1437,1.0,1
1438,0.0,0
1439,0.0,1
1440,2.0,2
1441,2.0,2
1442,1.0,2
1443,1.0,1
1444,0.0,0
1445,1.0,1
1446,0.0,0
1447,1.0,1
1448,2.0,2
1449,0.0,0
1450,1.0,1
1451,1.0,0
1452,1.0,2
1453,0.0,0
1454,1.0,1
1455,0.0,0
1456,2.0,2
1457,2.0,2
1458,2.0,2
1459,1.0,1
1460,1.0,1
1461,0.0,0
1462,1.0,0
1463,1.0,0
1464,2.0,2
1465,0.0,0
1466,2.0,2
1467,0.0,0
1468,0.0,0
1469,0.0,0
1470,0.0,0
1471,2.0,2
1472,2.0,2
1473,1.0,1
1474,1.0,1
1475,0.0,0
1476,2.0,2
1477,1.0,1
1478,0.0,0
1479,0.0,0
1480,1.0,1
1481,0.0,0
1482,1.0,1
1483,0.0,0
1484,1.0,1
1485,1.0,1
1486,1.0,1
1487,2.0,2
1488,0.0,0
1489,2.0,2
1490,0.0,0
1491,2.0,2
1492,0.0,0
1493,0.0,0
1494,2.0,2
1495,0.0,0
1496,2.0,2
1497,2.0,2
1498,1.0,0
1499,1.0,1
1500,1.0,1
1501,1.0,1
1502,2.0,2
1503,0.0,0
1504,0.0,0
1505,0.0,0
1506,0.0,0
1507,0.0,0
1508,2.0,2
1509,0.0,0
1510,0.0,0
1511,1.0,1
1512,1.0,0
1513,2.0,1
1514,1.0,0
1515,1.0,1
1516,0.0,0
1517,0.0,0
1518,2.0,2
1519,2.0,2
1520,2.0,2
1521,2.0,2
1522,2.0,2
1523,1.0,0
1524,2.0,2
1525,1.0,1
1526,0.0,0
1527,1.0,1
1528,0.0,0
1529,0.0,0
1530,1.0,1
1531,0.0,0
1532,0.0,0
1533,1.0,2
1534,0.0,0
1535,1.0,1
1536,2.0,2
1537,1.0,0
1538,2.0,2
1539,1.0,1
1540,1.0,1
1541,0.0,0
1542,1.0,1
1543,1.0,1
1544,2.0,2
1545,1.0,1
1546,2.0,2
1547,1.0,1
1548,2.0,2
1549,0.0,0
1550,2.0,1
1551,2.0,2
1552,0.0,0
1553,2.0,0
1554,1.0,1
1555,1.0,1
1556,0.0,1
1557,1.0,2
1558,1.0,2
1559,0.0,0
1560,1.0,1
1561,2.0,2
1562,0.0,0
1563,1.0,1
1564,2.0,2
1565,2.0,2
1566,1.0,1
1567,1.0,1
1568,1.0,1
1569,2.0,2
1570,1.0,1
1571,1.0,2
1572,2.0,2
1573,1.0,1
1574,2.0,2
1575,2.0,2
1576,2.0,2
1577,1.0,1
1578,1.0,1
1579,0.0,1
1580,0.0,0
1581,2.0,2
1582,1.0,1
1583,2.0,2
1584,1.0,0
1585,1.0,1
1586,0.0,0
1587,1.0,1
1588,1.0,1
1589,2.0,2
1590,0.0,0
1591,0.0,0
1592,1.0,0
1593,0.0,1
1594,1.0,0
1595,2.0,2
1596,2.0,0
1597,0.0,1
1598,2.0,2
1599,1.0,1
1600,1.0,1
1601,2.0,1
1602,0.0,0
1603,2.0,2
1604,1.0,1
1605,0.0,0
1606,1.0,1
1607,0.0,0
1608,2.0,2
1609,0.0,0
1610,0.0,0
1611,2.0,2
1612,2.0,2
1613,1.0,1
1614,1.0,0
1615,1.0,1
1616,2.0,2
1617,0.0,0
1618,1.0,1
1619,2.0,1
1620,1.0,1
1621,2.0,2
1622,2.0,2
1623,1.0,1
1624,0.0,0
1625,1.0,1
1626,2.0,2
1627,1.0,1
1628,2.0,2
1629,1.0,0
1630,2.0,2
1631,2.0,2
1632,1.0,1
1633,1.0,1
1634,2.0,2
1635,2.0,2
1636,0.0,0
1637,0.0,0
1638,0.0,0
1639,0.0,0
1640,2.0,2
1641,1.0,0
1642,0.0,0
1643,1.0,1
1644,1.0,1
1645,2.0,2
1646,0.0,0
1647,2.0,1
1648,0.0,0
1649,0.0,0
1650,1.0,0
1651,0.0,1
1652,2.0,2
1653,0.0,0
1654,0.0,0
1655,2.0,2
1656,0.0,0
1657,1.0,1
1658,0.0,0
1659,1.0,1
1660,0.0,0
1661,1.0,1
1662,1.0,2
1663,2.0,2
1664,0.0,0
1665,1.0,0
1666,2.0,2
1667,1.0,1
1668,1.0,0
1669,0.0,1
1670,1.0,0
1671,2.0,2
1672,2.0,2
1673,2.0,1
1674,1.0,0
1675,2.0,2
1676,0.0,0
1677,1.0,2
1678,1.0,1
1679,2.0,2
1680,1.0,1
1681,2.0,2
1682,1.0,0
1683,1.0,1
1684,1.0,1
1685,2.0,2
1686,1.0,0
1687,0.0,0
1688,2.0,2
1689,1.0,0
1690,2.0,2
1691,1.0,1
1692,2.0,2
1693,2.0,2
1694,2.0,2
1695,0.0,0
1696,1.0,0
1697,0.0,0
1698,2.0,2
1699,2.0,2
1700,1.0,1
1701,2.0,2
1702,0.0,0
1703,0.0,0
1704,1.0,1
1705,2.0,2
1706,0.0,0
1707,2.0,2
1708,1.0,0
1709,0.0,0
1710,2.0,2
1711,1.0,1
1712,1.0,1
1713,0.0,0
1714,2.0,2
1715,0.0,1
1716,1.0,1
1717,0.0,0
1718,2.0,2
1719,1.0,1
1720,0.0,1
1721,1.0,0
1722,0.0,0
1723,0.0,0
1724,1.0,1
1725,0.0,0
1726,0.0,1
1727,0.0,0
1728,2.0,2
1729,1.0,1
1730,1.0,1
1731,2.0,2
1732,1.0,1
1733,1.0,0
1734,1.0,1
1735,2.0,1
1736,0.0,0
1737,2.0,2
1738,2.0,2
1739,2.0,2
1740,2.0,1
1741,1.0,1
1742,2.0,1
1743,0.0,0
1744,2.0,2
1745,0.0,0
1746,0.0,0
1747,2.0,2
1748,0.0,0
1749,0.0,1
1750,0.0,0
1751,1.0,1
1752,2.0,2
1753,2.0,2
1754,0.0,0
1755,2.0,2
1756,1.0,2
1757,2.0,2
1758,2.0,2
1759,0.0,0
1760,1.0,1
1761,1.0,0
1762,1.0,1
1763,2.0,2
1764,0.0,1
1765,1.0,1
1766,2.0,2
1767,0.0,0
1768,2.0,2
1769,0.0,0
1770,0.0,0
1771,1.0,2
1772,2.0,2
1773,0.0,1
1774,0.0,1
1775,0.0,0
1776,2.0,2
1777,2.0,2
1778,2.0,2
1779,0.0,0
1780,0.0,0
1781,1.0,1
1782,1.0,2
1783,2.0,1
1784,0.0,0
1785,2.0,2
1786,0.0,0
1787,0.0,0
1788,1.0,1
1789,2.0,2
1790,1.0,1
1791,0.0,0
1792,2.0,2
1793,0.0,0
1794,1.0,1
1795,1.0,1
1796,1.0,0
1797,1.0,1
1798,0.0,0
1799,2.0,2
1800,1.0,1
1801,0.0,0
1802,1.0,1
1803,2.0,2
1804,1.0,0
1805,1.0,0
1806,2.0,2
1807,0.0,0
1808,2.0,2
1809,0.0,0
1810,0.0,0
1811,1.0,1
1812,0.0,0
1813,2.0,2
1814,2.0,2
1815,1.0,1
1816,1.0,1
1817,1.0,1
1818,0.0,0
1819,2.0,2
1820,1.0,1
1821,2.0,2
1822,1.0,1
1823,2.0,2
1824,0.0,0
1825,2.0,2
1826,0.0,0
1827,1.0,1
1828,0.0,1
1829,1.0,1
1830,1.0,1
1831,2.0,2
1832,2.0,2
1833,0.0,0
1834,1.0,1
1835,0.0,0
1836,2.0,1
1837,1.0,1
1838,1.0,1
1839,0.0,0
1840,1.0,1
1841,1.0,1
1842,0.0,0
1843,1.0,0
1844,0.0,0
1845,1.0,0
1846,2.0,2
1847,1.0,1
1848,2.0,2
1849,1.0,1
1850,0.0,0
1851,1.0,1
1852,0.0,1
1853,0.0,0
1854,1.0,1
1855,1.0,1
1856,2.0,2
1857,0.0,0
1858,1.0,1
1859,2.0,1
1860,2.0,2
1861,1.0,1
1862,1.0,1
1863,2.0,2
1864,2.0,2
1865,2.0,2
1866,1.0,1
1867,0.0,0
1868,0.0,0
1869,0.0,0
1870,1.0,1
1871,0.0,0
1872,2.0,2
1873,1.0,1
1874,1.0,2
1875,0.0,0
1876,1.0,1
1877,0.0,0
1878,1.0,1
1879,1.0,1
1880,2.0,2
1881,1.0,1
1882,1.0,1
1883,0.0,0
1884,0.0,0
1885,1.0,1
1886,0.0,0
1887,2.0,1
1888,1.0,1
1889,0.0,0
1890,2.0,2
1891,1.0,1
1892,0.0,0
1893,1.0,1
1894,0.0,0
1895,1.0,1
1896,2.0,2
1897,2.0,2
1898,2.0,2
1899,1.0,0
1900,0.0,1
1901,2.0,2
1902,1.0,1
1903,2.0,2
1904,2.0,2
1905,2.0,2
1906,0.0,0
1907,0.0,0
1908,0.0,0
1909,2.0,2
1910,2.0,1
1911,0.0,0
1912,1.0,0
1913,0.0,0
1914,2.0,2
1915,2.0,2
1916,0.0,0
1917,2.0,2
1918,2.0,2
1919,2.0,2
1920,1.0,0
1921,1.0,1
1922,2.0,2
1923,1.0,1
1924,0.0,0
1925,1.0,1
1926,2.0,2
1927,2.0,1
1928,0.0,0
1929,2.0,2
1930,2.0,2
1931,1.0,1
1932,0.0,0
1933,1.0,1
1934,0.0,0
1935,1.0,1
1936,2.0,2
1937,2.0,2
1938,1.0,1
1939,2.0,2
1940,0.0,0
1941,0.0,1
1942,0.0,0
1943,1.0,1
1944,0.0,0
1945,2.0,2
1946,0.0,0
1947,2.0,2
1948,0.0,0
1949,2.0,2
1950,1.0,1
1951,0.0,1
1952,2.0,2
1953,0.0,0
1954,0.0,1
1955,0.0,0
1956,1.0,0
1957,1.0,1
1958,0.0,1
1959,2.0,2
1960,0.0,0
1961,0.0,0
1962,2.0,2
1963,0.0,0
1964,1.0,1
1965,0.0,0
1966,2.0,2
1967,1.0,1
1968,2.0,1
1969,0.0,0
1970,2.0,2
1971,0.0,0
1972,1.0,0
1973,1.0,0
1974,1.0,1
1975,2.0,2
1976,0.0,0
1977,0.0,0
1978,2.0,2
1979,0.0,0
1980,0.0,0
1981,0.0,0
1982,1.0,1
1983,1.0,1
1984,0.0,0
1985,2.0,2
1986,2.0,2
1987,0.0,0
1988,0.0,0
1989,1.0,1
1990,2.0,2
1991,1.0,1
1992,2.0,1
1993,0.0,0
1994,2.0,2
1995,1.0,1
1996,1.0,1
1997,2.0,2
1998,0.0,1
1999,0.0,1
2000,2.0,2
2001,2.0,2
2002,1.0,1
2003,0.0,0
2004,2.0,2
2005,0.0,0
2006,2.0,1
2007,0.0,0
2008,0.0,0
2009,0.0,0
2010,2.0,2
2011,1.0,0
2012,0.0,0
2013,0.0,0
2014,0.0,0
2015,0.0,0
2016,1.0,1
2017,0.0,0
2018,1.0,1
2019,0.0,0
2020,1.0,1
2021,2.0,2
2022,0.0,0
2023,2.0,2
2024,0.0,0
2025,2.0,2
2026,1.0,1
2027,0.0,0
2028,0.0,0
2029,0.0,1
2030,1.0,1
2031,2.0,2
2032,2.0,2
2033,0.0,1
2034,0.0,0
2035,0.0,0
2036,1.0,2
2037,1.0,1
2038,2.0,1
2039,0.0,0
2040,0.0,0
2041,1.0,1
2042,2.0,2
2043,1.0,1
2044,2.0,2
2045,0.0,1
2046,2.0,1
2047,1.0,1
2048,1.0,1
2049,0.0,0
2050,0.0,0
2051,1.0,1
2052,1.0,0
2053,0.0,0
2054,2.0,2
2055,2.0,2
2056,2.0,2
2057,1.0,1
2058,1.0,1
2059,1.0,1
2060,1.0,1
2061,2.0,2
2062,1.0,1
2063,2.0,2
2064,2.0,2
2065,1.0,1
2066,2.0,2
2067,1.0,1
2068,1.0,1
2069,2.0,2
2070,0.0,1
2071,2.0,2
2072,1.0,1
2073,2.0,2
2074,0.0,0
2075,1.0,1
2076,0.0,0
2077,0.0,0
2078,0.0,0
2079,1.0,1
2080,1.0,1
2081,0.0,0
2082,0.0,0
2083,2.0,1
2084,1.0,1
2085,0.0,0
2086,0.0,1
2087,0.0,0
2088,1.0,1
2089,0.0,0
2090,2.0,2
2091,1.0,1
2092,0.0,0
2093,2.0,2
2094,0.0,0
2095,0.0,0
2096,1.0,1
2097,0.0,0
2098,2.0,2
2099,0.0,0
2100,0.0,0
2101,1.0,1
2102,0.0,0
2103,0.0,0
2104,0.0,0
2105,0.0,0
2106,0.0,0
2107,1.0,0
2108,2.0,2
2109,2.0,2
2110,2.0,2
2111,2.0,2
2112,0.0,1
2113,1.0,1
2114,0.0,1
2115,2.0,2
2116,2.0,2
2117,0.0,0
2118,0.0,0
2119,2.0,1
2120,2.0,1
2121,1.0,0
2122,2.0,2
2123,2.0,2
2124,0.0,0
2125,2.0,2
2126,0.0,0
2127,2.0,2
2128,0.0,0
2129,1.0,1
2130,1.0,2
2131,0.0,0
2132,0.0,0
2133,1.0,1
2134,1.0,1
2135,2.0,2
2136,1.0,1
2137,0.0,0
2138,2.0,2
2139,2.0,2
2140,1.0,1
2141,0.0,1
2142,1.0,1
2143,2.0,2
2144,1.0,1
2145,1.0,0
2146,0.0,0
2147,2.0,2
2148,1.0,0
2149,1.0,0
2150,2.0,2
2151,1.0,1
2152,0.0,0
2153,1.0,1
2154,0.0,0
2155,0.0,0
2156,2.0,2
2157,0.0,0
2158,0.0,0
2159,0.0,0
2160,0.0,0
2161,1.0,0
2162,0.0,0
2163,2.0,2
2164,0.0,0
2165,1.0,1
2166,0.0,1
2167,0.0,0
2168,2.0,2
2169,0.0,0
2170,2.0,2
2171,2.0,1
2172,0.0,0
2173,2.0,2
2174,1.0,1
2175,2.0,2
2176,2.0,2
2177,0.0,0
2178,1.0,1
2179,2.0,2
2180,0.0,0
2181,2.0,2
2182,2.0,1
2183,1.0,0
2184,2.0,2
2185,2.0,2
2186,1.0,2
2187,0.0,0
2188,0.0,0
2189,2.0,1
2190,1.0,1
2191,0.0,0
2192,1.0,1
2193,0.0,0
2194,2.0,2
2195,2.0,2
2196,2.0,2
2197,0.0,0
2198,1.0,1
2199,1.0,1
2200,1.0,1
2201,0.0,0
2202,0.0,0
2203,2.0,2
2204,2.0,2
2205,1.0,1
2206,2.0,2
2207,2.0,2
2208,2.0,2
2209,0.0,0
2210,2.0,2
2211,0.0,0
2212,0.0,0
2213,1.0,1
2214,0.0,0
2215,2.0,2
2216,2.0,2
2217,0.0,0
2218,2.0,2
2219,0.0,1
2220,1.0,1
2221,0.0,0
2222,1.0,1
2223,1.0,1
2224,2.0,2
2225,1.0,1
2226,1.0,1
2227,1.0,1
2228,0.0,0
2229,0.0,0
2230,2.0,2
2231,2.0,2
2232,1.0,1
2233,0.0,1
2234,0.0,0
2235,1.0,1
2236,0.0,0
2237,0.0,0
2238,1.0,1
2239,1.0,1
2240,2.0,2
2241,2.0,2
2242,2.0,2
2243,2.0,2
2244,0.0,0
2245,0.0,0
2246,1.0,1
2247,1.0,1
2248,1.0,1
2249,1.0,1
2250,1.0,0
2251,1.0,0
2252,0.0,0
2253,1.0,0
2254,2.0,2
2255,2.0,2
2256,0.0,0
2257,2.0,1
2258,2.0,2
2259,0.0,0
2260,0.0,0
2261,1.0,1
2262,0.0,1
2263,2.0,2
2264,2.0,1
2265,1.0,1
2266,2.0,2
2267,1.0,1
2268,2.0,2
2269,0.0,0
2270,0.0,0
2271,1.0,1
2272,2.0,2
2273,2.0,2
2274,0.0,0
2275,1.0,1
2276,2.0,2
2277,1.0,1
2278,2.0,2
2279,1.0,0
2280,0.0,0
2281,2.0,2
2282,0.0,0
2283,1.0,1
2284,2.0,2
2285,1.0,1
2286,2.0,2
2287,1.0,1
2288,2.0,2
2289,0.0,0
2290,2.0,2
2291,1.0,1
2292,0.0,0
2293,1.0,1
2294,2.0,2
2295,0.0,0
2296,0.0,0
2297,0.0,0
2298,0.0,0
2299,0.0,0
2300,2.0,2
2301,2.0,2
2302,0.0,1
2303,0.0,0
2304,2.0,2
2305,1.0,1
2306,0.0,0
2307,2.0,2
2308,1.0,2
2309,0.0,0
2310,2.0,2
2311,1.0,1
2312,2.0,2
2313,0.0,0
2314,1.0,1
2315,2.0,2
2316,0.0,0
2317,2.0,2
2318,0.0,0
2319,0.0,0
2320,0.0,0
2321,0.0,0
2322,2.0,2
2323,1.0,0
2324,1.0,1
2325,2.0,2
2326,0.0,0
2327,2.0,2
2328,2.0,2
2329,2.0,2
2330,1.0,1
2331,2.0,2
2332,1.0,1
2333,0.0,0
2334,2.0,2
2335,2.0,2
2336,1.0,1
2337,2.0,2
2338,0.0,0
2339,2.0,2
2340,2.0,2
2341,1.0,1
2342,0.0,0
2343,2.0,2
2344,2.0,2
2345,0.0,0
2346,2.0,2
2347,2.0,2
2348,1.0,1
2349,0.0,0
2350,1.0,1
2351,2.0,2
2352,1.0,1
2353,0.0,0
2354,1.0,1
2355,0.0,0
2356,1.0,0
2357,2.0,2
2358,1.0,1
2359,1.0,1
2360,0.0,0
2361,2.0,2
2362,1.0,1
2363,0.0,1
2364,0.0,0
2365,2.0,2
2366,0.0,0
2367,2.0,2
2368,2.0,2
2369,0.0,0
2370,2.0,2
2371,2.0,2
2372,0.0,0
2373,2.0,1
2374,0.0,0
2375,1.0,0
2376,0.0,0
2377,1.0,1
2378,2.0,2
2379,0.0,0
2380,2.0,2
2381,2.0,2
2382,0.0,0
2383,2.0,2
2384,1.0,2
2385,2.0,2
2386,2.0,2
2387,0.0,0
2388,0.0,0
2389,0.0,0
2390,0.0,0
2391,1.0,1
2392,1.0,1
2393,2.0,2
2394,0.0,0
2395,2.0,2
2396,2.0,2
2397,0.0,0
2398,0.0,0
2399,2.0,2
2400,1.0,1
2401,0.0,0
2402,2.0,2
2403,0.0,0
2404,1.0,1
2405,0.0,0
2406,1.0,1
2407,1.0,0
2408,0.0,0
2409,2.0,2
2410,1.0,0
2411,2.0,2
2412,0.0,0
2413,1.0,1
2414,1.0,1
2415,0.0,1
2416,0.0,0
2417,2.0,2
2418,0.0,0
2419,0.0,0
2420,0.0,1
2421,1.0,1
2422,2.0,2
2423,2.0,2
2424,0.0,0
2425,2.0,2
2426,2.0,2
2427,1.0,1
2428,2.0,2
2429,0.0,0
2430,0.0,0
2431,1.0,1
2432,0.0,1
2433,2.0,2
2434,2.0,2
2435,2.0,2
2436,1.0,1
2437,1.0,1
2438,2.0,2
2439,1.0,1
2440,2.0,2
2441,0.0,0
2442,1.0,1
2443,1.0,1
2444,1.0,1
2445,2.0,2
2446,2.0,2
2447,1.0,1
2448,0.0,0
2449,2.0,2
2450,2.0,2
2451,0.0,0
2452,1.0,1
2453,1.0,1
2454,2.0,2
2455,2.0,2
2456,0.0,1
2457,2.0,2
2458,2.0,2
2459,1.0,1
2460,1.0,1
2461,2.0,2
2462,2.0,2
2463,0.0,0
2464,0.0,0
2465,0.0,0
2466,0.0,0
2467,2.0,2
2468,1.0,1
2469,0.0,0
2470,0.0,0
2471,1.0,2
2472,0.0,1
2473,2.0,2
2474,1.0,0
2475,1.0,1
2476,1.0,1
2477,1.0,1
2478,0.0,0
2479,0.0,0
2480,1.0,1
2481,1.0,1
2482,0.0,0
2483,2.0,2
2484,1.0,1
2485,0.0,0
2486,2.0,2
2487,0.0,0
2488,0.0,0
2489,1.0,1
2490,2.0,2
2491,0.0,0
2492,1.0,0
2493,1.0,1
2494,2.0,2
2495,0.0,0
2496,0.0,1
2497,0.0,0
2498,0.0,0
2499,2.0,2
2500,1.0,1
2501,1.0,1
2502,2.0,2
2503,0.0,1
2504,0.0,0
2505,2.0,2
2506,1.0,1
2507,1.0,1
2508,1.0,1
2509,2.0,2
2510,2.0,2
2511,1.0,1
2512,2.0,2
2513,1.0,1
2514,0.0,0
2515,2.0,2
2516,1.0,1
2517,0.0,0
2518,0.0,0
2519,1.0,1
2520,2.0,2
2521,1.0,1
2522,1.0,0
2523,1.0,1
2524,1.0,2
2525,1.0,1
2526,1.0,1
2527,1.0,1
2528,1.0,1
2529,2.0,2
2530,0.0,0
2531,0.0,0
2532,2.0,2
2533,2.0,2
2534,2.0,2
2535,0.0,0
2536,0.0,1
2537,1.0,0
2538,2.0,2
2539,1.0,1
2540,1.0,1
2541,0.0,0
2542,0.0,1
2543,0.0,0
2544,0.0,0
2545,2.0,2
2546,1.0,1
2547,0.0,0
2548,2.0,2
2549,2.0,2
2550,0.0,0
2551,2.0,2
2552,2.0,2
2553,1.0,1
2554,2.0,2
2555,0.0,0
2556,2.0,2
2557,2.0,2
2558,1.0,1
2559,2.0,2
2560,0.0,1
2561,2.0,2
2562,1.0,1
2563,2.0,2
2564,0.0,0
2565,1.0,1
2566,0.0,1
2567,0.0,0
2568,0.0,0
2569,0.0,0
2570,2.0,2
2571,0.0,0
2572,2.0,2
2573,0.0,0
2574,1.0,1
2575,2.0,2
2576,1.0,1
2577,2.0,2
2578,2.0,2
2579,0.0,0
2580,0.0,0
2581,2.0,2
2582,0.0,0
2583,2.0,2
2584,0.0,1
2585,0.0,0
2586,1.0,0
2587,2.0,2
2588,0.0,0
2589,1.0,1
2590,0.0,0
2591,2.0,2
2592,2.0,2
2593,2.0,2
2594,2.0,2
2595,1.0,1
2596,2.0,2
2597,2.0,2
2598,1.0,0
2599,1.0,1
2600,1.0,2
2601,2.0,2
2602,2.0,2
2603,1.0,1
2604,0.0,0
2605,0.0,0
2606,1.0,1
2607,1.0,1
2608,1.0,2
2609,1.0,1
2610,0.0,0
2611,2.0,2
2612,1.0,1
2613,1.0,1
2614,2.0,2
2615,0.0,0
2616,0.0,0
2617,1.0,2
2618,1.0,1
2619,1.0,1
2620,0.0,1
2621,2.0,2
2622,1.0,1
2623,0.0,0
2624,1.0,1
2625,0.0,0
2626,1.0,1
2627,0.0,0
2628,1.0,1
2629,2.0,2
2630,1.0,1
2631,1.0,1
2632,0.0,1
2633,1.0,1
2634,1.0,1
2635,2.0,1
2636,2.0,2
2637,1.0,0
2638,0.0,0
2639,0.0,0
2640,0.0,0
2641,0.0,0
2642,0.0,0
2643,1.0,1
2644,0.0,0
2645,0.0,0
2646,1.0,1
2647,1.0,1
2648,2.0,2
2649,2.0,2
2650,2.0,1
2651,0.0,0
2652,1.0,1
2653,0.0,1
2654,2.0,2
2655,1.0,1
2656,2.0,2
2657,1.0,0
2658,2.0,2
2659,2.0,2
2660,1.0,2
2661,2.0,2
2662,1.0,0
2663,0.0,0
2664,1.0,0
2665,1.0,1
2666,1.0,1
2667,1.0,1
2668,0.0,1
2669,0.0,0
2670,0.0,0
